{
  "reg_country_te": {
    "Afghanistan": 1.0,
    "Albania": 0.09745762711864407,
    "Algeria": 0.07755102040816327,
    "American Samoa": 0.07894736842105263,
    "Andorra": 0.024390243902439025,
    "Angola": 0.045317220543806644,
    "Anguilla": 0.06976744186046512,
    "Antarctica": 0.2,
    "Antigua and Barbuda": 0.11363636363636363,
    "Argentina": 0.04605563155494756,
    "Armenia": 0.07692307692307693,
    "Aruba": 0.08045977011494253,
    "Australia": 0.02413396814972911,
    "Austria": 0.04477611940298507,
    "Azerbaijan": 0.06557377049180328,
    "Bahamas": 0.07954545454545454,
    "Bahrain": 0.05357142857142857,
    "Bangladesh": 0.07857142857142857,
    "Barbados": 0.051094890510948905,
    "Belgium": 0.03414911781445646,
    "Belize": 0.13725490196078433,
    "Benin": 0.20930232558139536,
    "Bermuda": 0.0125,
    "Bhutan": 0.06666666666666667,
    "Bolivia": 0.055900621118012424,
    "Bonaire, Sint Eustatius, and Saba": 0.0,
    "Botswana": 0.03530895334174023,
    "Brazil": 0.04449388209121246,
    "British Indian Ocean Territory": 0.0,
    "British Virgin Islands": 0.05263157894736842,
    "Brunei": 0.07894736842105263,
    "Bulgaria": 0.0480225988700565,
    "Burkina Faso": 0.13636363636363635,
    "Cambodia": 0.07339449541284404,
    "Cameroon": 0.0875,
    "Canada": 0.04006386993758165,
    "Cape Verde": 0.21649484536082475,
    "Cayman Islands": 0.0547945205479452,
    "Chad": 0.045454545454545456,
    "Chile": 0.018143459915611813,
    "China": 0.2289156626506024,
    "Christmas Island": 0.5,
    "Colombia": 0.05988455988455989,
    "Comoros": 0.2857142857142857,
    "Cook Islands": 0.1111111111111111,
    "Costa Rica": 0.02607361963190184,
    "Croatia": 0.018867924528301886,
    "Curacao": 0.09375,
    "Cyprus": 0.046875,
    "Czech Republic": 0.05,
    "Denmark": 0.019444444444444445,
    "Djibouti": 0.058823529411764705,
    "Dominica": 0.14285714285714285,
    "Dominican Republic": 0.05178571428571429,
    "East Timor": 0.23076923076923078,
    "Ecuador": 0.0648854961832061,
    "Egypt": 1.0,
    "El Salvador": 0.039301310043668124,
    "Equatorial Guinea": 0.07692307692307693,
    "Eritrea": 0.0,
    "Estonia": 0.023529411764705882,
    "Ethiopia": 0.2727272727272727,
    "Falkland Islands": 0.5,
    "Faroe Islands": 0.07142857142857142,
    "Fiji": 0.043478260869565216,
    "Finland": 0.04704301075268817,
    "France": 0.04509159229685298,
    "French Polynesia": 0.05128205128205128,
    "Gabon": 0.11904761904761904,
    "Gambia": 0.11643835616438356,
    "Georgia": 0.011363636363636364,
    "Germany": 0.044793900405051226,
    "Ghana": 1.0,
    "Gibraltar": 0.0,
    "Greece": 0.025893958076448828,
    "Greenland": 0.0,
    "Grenada": 0.0,
    "Guadeloupe": 0.0,
    "Guam": 0.08490566037735849,
    "Guatemala": 0.048034934497816595,
    "Guernsey": 0.03333333333333333,
    "Guinea": 0.08695652173913043,
    "Guyana": 0.0707070707070707,
    "Guyane": 0.18604651162790697,
    "Haiti": 0.08333333333333333,
    "Honduras": 0.10222222222222223,
    "Hong Kong": 0.0867579908675799,
    "Hungary": 0.038461538461538464,
    "Iceland": 0.01892744479495268,
    "India": 0.08677685950413223,
    "Indonesia": 1.0,
    "Ireland": 0.02198768689533861,
    "Isle of Man": 0.015873015873015872,
    "Israel": 0.049,
    "Italy": 0.0213404468156052,
    "Ivory Coast": 0.07336956521739131,
    "Jamaica": 0.04644808743169399,
    "Japan": 0.11442786069651742,
    "Jersey": 0.0136986301369863,
    "Jordan": 0.039473684210526314,
    "Kazakhstan": 0.041666666666666664,
    "Kenya": 0.028978139298423997,
    "Kiribati": 0.2,
    "Kosovo": 0.03125,
    "Kuwait": 0.04504504504504504,
    "Kyrgyzstan": 0.017241379310344827,
    "Laos": 0.12903225806451613,
    "Latvia": 0.034334763948497854,
    "Lesotho": 0.022727272727272728,
    "Liechtenstein": 0.4,
    "Lithuania": 0.038314176245210725,
    "Luxembourg": 0.06097560975609756,
    "Macau": 0.0,
    "Macedonia": 0.05263157894736842,
    "Madagascar": 0.050359712230215826,
    "Malawi": 0.11214953271028037,
    "Malaysia": 0.04950495049504951,
    "Maldives": 0.012345679012345678,
    "Malta": 0.014492753623188406,
    "Marocco": 0.12454212454212454,
    "Marshall Islands": 0.0,
    "Martinique": 0.014084507042253521,
    "Mauritania": 0.08823529411764706,
    "Mauritius": 0.017543859649122806,
    "Mayotte": 0.0,
    "Mexico": 0.02532198209997817,
    "Micronesia": 0.2,
    "Moldova": 0.10112359550561797,
    "Monaco": 0.07692307692307693,
    "Mongolia": 0.02631578947368421,
    "Montenegro": 0.0,
    "Mozambique": 0.05263157894736842,
    "Namibia": 0.03017241379310345,
    "Nauru": 0.0,
    "Nepal": 0.06060606060606061,
    "Netherlands": 0.06441012159053565,
    "New Caledonia": 0.02702702702702703,
    "New Zealand": 0.023479188900747065,
    "Niger": 0.18421052631578946,
    "Nigeria": 1.0,
    "Norfolk Island": 1.0,
    "Northern Mariana Islands": 0.10526315789473684,
    "Norway": 0.024371667936024372,
    "Oman": 0.11842105263157894,
    "Pakistan": 0.11297071129707113,
    "Palau": 0.1,
    "Palestine": 0.125,
    "Panama": 0.008152173913043478,
    "Papua New Guinea": 0.02702702702702703,
    "Paraguay": 0.07279693486590039,
    "Peru": 0.01773049645390071,
    "Philippines": 0.04130052724077329,
    "Pitcairn": 0.0,
    "Poland": 0.04887218045112782,
    "Portugal": 0.038461538461538464,
    "Puerto Rico": 0.04179566563467492,
    "Qatar": 0.04060913705583756,
    "Reunion": 0.039473684210526314,
    "Romania": 0.021487603305785124,
    "Rwanda": 0.1111111111111111,
    "Saint Barthelemy": 0.0,
    "Saint Kitts and Nevis": 0.047619047619047616,
    "Saint Lucia": 0.075,
    "Saint Martin": 0.25,
    "Saint Pierre and Miquelon": 0.0,
    "Saint Vincent and the Grenadines": 0.0,
    "Samoa": 0.0,
    "San Marino": 0.0,
    "Sao Tome and Principe": 0.0,
    "Saudi Arabia": 0.06647398843930635,
    "Senegal": 0.07079646017699115,
    "Serbia": 0.043233082706766915,
    "Seychelles": 0.04938271604938271,
    "Sierra Leone": 0.06015037593984962,
    "Singapore": 0.037037037037037035,
    "Sint Maarten": 0.0,
    "Slovakia": 0.011049723756906077,
    "Slovenia": 0.01694915254237288,
    "Solomon Islands": 0.0,
    "South Africa": 0.025333857030636293,
    "South Korea": 0.072,
    "Spain": 0.02378870036732552,
    "Sri Lanka": 0.013745704467353952,
    "Suriname": 0.0,
    "Swaziland": 0.05128205128205128,
    "Sweden": 0.02949517867271696,
    "Switzerland": 0.027327935222672066,
    "Taiwan": 0.05194805194805195,
    "Tajikistan": 0.037037037037037035,
    "Tanzania": 0.02181818181818182,
    "Thailand": 0.04282868525896414,
    "The French Southern and Antarctic Lands": 0.5,
    "Togo": 0.1509433962264151,
    "Tonga": 0.1,
    "Trinidad and Tobago": 0.09121621621621621,
    "Turkey": 0.08124174372523117,
    "Turkmenistan": 0.3333333333333333,
    "Turks and Caicos Islands": 0.09375,
    "Tuvalu": 0.0,
    "U.S. Virgin Islands": 0.02564102564102564,
    "Uganda": 0.13725490196078433,
    "Ukraine": 0.65,
    "United Arab Emirates": 0.04268846503178928,
    "United Kingdom": 0.022047507527601203,
    "United States": 0.03884950245931793,
    "Uruguay": 0.022033898305084745,
    "Uzbekistan": 0.06818181818181818,
    "Vanuatu": 0.0,
    "Vatican": 0.0,
    "Venezuela": 0.0,
    "Vietnam": 0.1111111111111111,
    "Wallis and Futuna": 0.5,
    "Zambia": 0.0364741641337386,
    "Zimbabwe": 1.0,
    "unknown": 0.15079365079365079,
    "Åland Islands": 0.087248322147651
  },
  "_global_mean": 0.03776610408694399,
  "traffic_type_te": {
    "cpa": 0.027601884450748463,
    "organic": 0.19117038018719457,
    "ppc": 0.03673033749217916,
    "remarketing": 0.033960720130932896,
    "unknown": 0.04678362573099415
  },
  "card_country_mode_te": {
    "Afghanistan": 0.7142857142857143,
    "Albania": 0.08064516129032258,
    "Algeria": 0.07894736842105263,
    "American Samoa": 0.18181818181818182,
    "Andorra": 0.0,
    "Angola": 0.04054054054054054,
    "Anguilla": 0.25,